{
  "SM_Template_Map_Floor": [
    -6.103515488575795e-07,
    0.16844336952601324,
    3.7261997641250524
  ],
  "Towel_Room01_floor_bottom": [
    -0.007579803297375065,
    0.7356839789175096,
    -0.7788271084463493
  ],
  "Towel_Room01_floor_rim_back001": [
    -3.0517577442878974e-07,
    -3.357358989898583,
    3.314004602439895
  ],
  "Towel_Room01_floor_rim_back": [
    0.0,
    -3.3573626520078763,
    -0.6746452870445258
  ],
  "Towel_Room01_floor_rim_corner001": [
    -4.1681763289531375,
    -3.058540026851145,
    -0.6746455922203002
  ],
  "Towel_Room01_floor_rim_corner002": [
    4.168176634128912,
    4.514759059243519,
    -0.6746523060873376
  ],
  "Towel_Room01_floor_rim_corner003": [
    -4.168176023777363,
    4.5147599747708425,
    -0.6746527638509993
  ],
  "Towel_Room01_floor_rim_corner004": [
    4.168176023777363,
    -3.058536975093401,
    3.314004602439895
  ],
  "Towel_Room01_floor_rim_corner005": [
    -4.168176634128912,
    -3.0585360595660775,
    3.3140041446762334
  ],
  "Towel_Room01_floor_rim_corner006": [
    4.1681763289531375,
    4.514759211831406,
    3.3139905643542713
  ],
  "Towel_Room01_floor_rim_corner007": [
    -4.1681763289531375,
    4.514759211831406,
    3.3139901065906097
  ],
  "Towel_Room01_floor_rim_corner": [
    4.1681763289531375,
    -3.058540026851145,
    -0.6746452870445258
  ],
  "Towel_Room01_floor_rim_front_center001": [
    -0.00015350341453768124,
    4.81358168440025,
    3.3140007877427147
  ],
  "Towel_Room01_floor_rim_front_center": [
    -0.00015380859031211003,
    4.81358168440025,
    -0.6746491780356497
  ],
  "Towel_Room01_floor_rim_front_center_side001": [
    -3.238722004024936,
    4.813581989576025,
    -0.6746488728598753
  ],
  "Towel_Room01_floor_rim_front_center_side002": [
    3.2387223092007105,
    4.8135853465095435,
    3.313993158348354
  ],
  "Towel_Room01_floor_rim_front_center_side003": [
    -3.2387216988491616,
    4.813586262036867,
    3.313993158348354
  ],
  "Towel_Room01_floor_rim_front_center_side": [
    3.238722004024936,
    4.813581989576025,
    -0.6746491780356497
  ],
  "Towel_Room01_floor_rim_side001": [
    -4.46699834375832,
    0.7281093636082998,
    -0.674646202571849
  ],
  "Towel_Room01_floor_rim_side002": [
    4.46699834375832,
    0.728113025717593,
    3.3140007877427147
  ],
  "Towel_Room01_floor_rim_side003": [
    -4.46699834375832,
    0.7281136360691418,
    3.3140007877427147
  ],
  "Towel_Room01_floor_rim_side": [
    4.46699834375832,
    0.7281093636082998,
    -0.6746458973960746
  ],
  "Towel_Room01_floor_top": [
    -0.007580108473149494,
    0.7356876410268027,
    3.4181786418594706
  ],
  "Towel_Room01_florr_edge001": [
    -0.007537383864729463,
    0.7356475104124653,
    3.418178184095809
  ],
  "Towel_Room01_florr_edge": [
    -0.0075370786889550345,
    0.7356438483031722,
    -0.7788271084463493
  ],
  "Towel_Room01_lamp": [
    0.0,
    -1.3052334864507575,
    3.3593740167090127
  ],
  "Towel_Room01_lamp_frame": [
    0.0,
    -1.3052335627447011,
    3.3593740167090127
  ],
  "Towel_Room01_wall_back001": [
    -2.6686165785353637,
    -3.355563183053957,
    1.319676262617194
  ],
  "Towel_Room01_wall_back": [
    2.6686165785353637,
    -3.355563335641844,
    1.319675881147476
  ],
  "Towel_Room01_wall_corner001": [
    4.120629027769809,
    4.46861571921045,
    1.3196761863232505
  ],
  "Towel_Room01_wall_corner002": [
    -4.120628722594034,
    -3.012393024708783,
    1.3196761863232505
  ],
  "Towel_Room01_wall_corner003": [
    -4.12062841741826,
    4.468616482149886,
    1.319675881147476
  ],
  "Towel_Room01_wall_corner": [
    4.120628722594034,
    -3.01239317729667,
    1.319675881147476
  ],
  "Towel_Room01_wall_side001": [
    -4.46422658478707,
    -0.044603021463982095,
    1.319675881147476
  ],
  "Towel_Room01_wall_side": [
    4.46422658478707,
    -0.04460317405186931,
    1.3196758048535324
  ],
  "Towel_Room01_window1": [
    3.0517577442878974e-07,
    4.903171526147761,
    1.3196761100293068
  ],
  "Towel_Room01_window": [
    3.0517577442878974e-07,
    4.850007770011845,
    1.3196761100293068
  ],
  "Towel_Room01_window_frame_bottom001": [
    1.068115210500764e-06,
    4.850006854484522,
    3.1763227207517
  ],
  "Towel_Room01_window_frame_bottom002": [
    1.068115210500764e-06,
    4.850006854484522,
    -0.536970348105199
  ],
  "Towel_Room01_window_frame_corner002": [
    3.658118204367497,
    4.8500073122481835,
    2.9287455168128256
  ],
  "Towel_Room01_window_frame_corner004": [
    -3.6581175940159483,
    4.8500073122481835,
    2.9287455168128256
  ],
  "Towel_Room01_window_frame_corner005": [
    -3.6581175940159483,
    4.8500073122481835,
    -0.28939314416632456
  ],
  "Towel_Room01_window_frame_corner006": [
    3.658118204367497,
    4.8500073122481835,
    -0.28939314416632456
  ],
  "Towel_Room01_window_frame_side001": [
    -3.940969150193723,
    4.850007922599732,
    1.3196757285595888
  ],
  "Towel_Room01_window_frame_side002": [
    3.940969760545272,
    4.850007922599732,
    1.3196757285595888
  ],
  "Towel_Room01_wood_wall_008": [
    -4.478196311037323,
    2.919080307678274,
    1.3196757285595888
  ],
  "Towel_Room01_wood_wall_009": [
    -4.478196311037323,
    3.6917949052749206,
    1.3196754233838144
  ],
  "Towel_Room01_wood_wall_1": [
    1.2914848038967364,
    -3.3526199152974785,
    1.319675881147476
  ],
  "Towel_Room01_wood_wall_2": [
    0.6457425545362554,
    -3.3526199152974785,
    1.319675690412617
  ],
  "Towel_Room01_wood_wall_3": [
    3.0517577442878974e-07,
    -3.3526199152974785,
    1.3196756522656452
  ],
  "Towel_Room01_wood_wall_4": [
    -0.6457419441847065,
    -3.3526199152974785,
    1.3196756141186734
  ],
  "Towel_Room01_wood_wall_5": [
    -1.2914841935451875,
    -3.3526199152974785,
    1.3196755759717016
  ],
  "Towel_Room01_wood_wall_6": [
    4.478196311037323,
    2.919080155090387,
    1.3196760337353632
  ],
  "Towel_Room01_wood_wall_7": [
    4.478196311037323,
    3.6917947526870334,
    1.3196757285595888
  ],
  "table_low": [
    0.00028106688824891535,
    0.0003214645313889264,
    -0.37957382601029227
  ],
  "CollisionMesh": [
    0.0,
    0.0,
    -0.7695
  ]
}